﻿<?xml version="1.0"?>
<doc>
<assembly>
<name>
MoonAge
</name>
</assembly>
<members>
<member name="T:MoonAge.My.Resources.Resources">
<summary>
  ローカライズされた文字列などを検索するための、厳密に型指定されたリソース クラスです。
</summary>
</member>
<member name="P:MoonAge.My.Resources.Resources.ResourceManager">
<summary>
  このクラスで使用されているキャッシュされた ResourceManager インスタンスを返します。
</summary>
</member>
<member name="P:MoonAge.My.Resources.Resources.Culture">
<summary>
  すべてについて、現在のスレッドの CurrentUICulture プロパティをオーバーライドします
  現在のスレッドの CurrentUICulture プロパティをオーバーライドします。
</summary>
</member>
<member name="P:MoonAge.My.Resources.Resources.m0">
<summary>
  型 System.Drawing.Bitmap のローカライズされたリソースを検索します。
</summary>
</member>
<member name="P:MoonAge.My.Resources.Resources.m4">
<summary>
  型 System.Drawing.Bitmap のローカライズされたリソースを検索します。
</summary>
</member>
<member name="M:MoonAge.Form1.FindExecutableFile(System.String)">
 <summary>
 指定されたファイルに関連付けられた実行ファイルのパスを取得する。
 </summary>
 <param name="fileName">ファイルのパス。
 ファイルは存在していなければならない。</param>
 <returns>見つかった時は、実行ファイルのパス。
 見つからなかった時は、空の文字列。</returns>
 <example>
 "C:\test\1.txt"に関連付けられた実行ファイルのパスを取得する例
 <code>
 string exePath = FindExecutableFile(@"C:\test\1.txt");
 </code>
 </example>
</member>
<member name="M:MoonAge.Form1.GetAgex(System.DateTime,System.DateTime)">
 <summary>
 生年月日から年齢を計算する
 </summary>
 <param name="birthDate">生年月日</param>
 <param name="today">現在の日付</param>
 <returns>年齢</returns>
</member>
</members>
</doc>
